1600:9265:design.jpeg_7.jpeg,1600:9265.jpeg_8.jpeg
1600:4811:design.jpeg_1.jpeg,1600:2576.jpeg_1.jpeg
1600:2576:design.jpeg_6.jpeg,1600:2576.jpeg_6.jpeg
1600:1583:design.jpeg_10.jpeg,1600:1583.jpeg_19.jpeg
1600:2576:design.jpeg_84.jpeg,1600:2233.jpeg_34.jpeg
1600:1956:design.jpeg_32.jpeg,1600:1956.jpeg_24.jpeg
1600:9265:design.jpeg_73.jpeg,1600:1583.jpeg_19.jpeg
1600:1956:design.jpeg_24.jpeg,1600:1956.jpeg_18.jpeg
1600:2233:design.jpeg_4.jpeg,1600:2233.jpeg_4.jpeg
1600:1024:design.jpeg_0.jpeg,1600:1956.jpeg_0.jpeg
1600:2233:design.jpeg_22.jpeg,1600:2233.jpeg_23.jpeg
