pair_a, pair_b
1600:9265:design.jpeg_7.jpeg,1600:9265.jpeg_8.jpeg
1600:4811:design.jpeg_1.jpeg,1600:4811.jpeg_1.jpeg
1600:2576:design.jpeg_6.jpeg,1600:2576.jpeg_6.jpeg
1600:1583:design.jpeg_10.jpeg,1600:1583.jpeg_19.jpeg
1600:2576:design.jpeg_84.jpeg,1600:2576.jpeg_52.jpeg
1600:1956:design.jpeg_32.jpeg,1600:1956.jpeg_24.jpeg
1600:9265:design.jpeg_73.jpeg,1600:1583.jpeg_19.jpeg
1600:1956:design.jpeg_24.jpeg,1600:1956.jpeg_18.jpeg
1600:2233:design.jpeg_4.jpeg,1600:2233.jpeg_4.jpeg
1600:1024:design.jpeg_0.jpeg,1600:2233.jpeg_0.jpeg
1600:2233:design.jpeg_22.jpeg,1600:2233.jpeg_23.jpeg
1600:1956:design.jpeg_0.jpeg,1600:2233.jpeg_0.jpeg
1600:1956:design.jpeg_28.jpeg,1600:1956.jpeg_21.jpeg
1600:1420:design.jpeg_3.jpeg,1600:2233.jpeg_3.jpeg
1600:2233:design.jpeg_19.jpeg,1600:2233.jpeg_20.jpeg
1600:1420:design.jpeg_2.jpeg,1600:1956.jpeg_2.jpeg
1600:1956:design.jpeg_29.jpeg,1600:1956.jpeg_22.jpeg
1600:1956:design.jpeg_1.jpeg,1600:4811.jpeg_1.jpeg
1600:1420:design.jpeg_19.jpeg,1600:1024.jpeg_8.jpeg
1600:1956:design.jpeg_13.jpeg,1600:1956.jpeg_11.jpeg
1600:2233:design.jpeg_23.jpeg,1600:2233.jpeg_24.jpeg
1600:1024:design.jpeg_1.jpeg,1600:4811.jpeg_1.jpeg
1600:1956:design.jpeg_25.jpeg,1600:1956.jpeg_17.jpeg
1600:6458:design.jpeg_36.jpeg,1600:2576.jpeg_52.jpeg
1600:1956:design.jpeg_33.jpeg,1600:1956.jpeg_26.jpeg
1600:1583:design.jpeg_3.jpeg,1600:1583.jpeg_4.jpeg
1600:4811:design.jpeg_50.jpeg,1600:4811.jpeg_15.jpeg
1600:6458:design.jpeg_1.jpeg,1600:4811.jpeg_1.jpeg
1600:1583:design.jpeg_20.jpeg,1600:1956.jpeg_29.jpeg
1600:2233:design.jpeg_32.jpeg,1600:2576.jpeg_52.jpeg
1600:4811:design.jpeg_11.jpeg,1600:4811.jpeg_15.jpeg
1600:4788:design.jpeg_21.jpeg,1600:4788.jpeg_21.jpeg
1600:1956:design.jpeg_6.jpeg,1600:1956.jpeg_6.jpeg
1600:2576:design.jpeg_77.jpeg,1600:1024.jpeg_8.jpeg
1600:9265:design.jpeg_96.jpeg,1600:2233.jpeg_30.jpeg
1600:4788:design.jpeg_37.jpeg,1600:4788.jpeg_20.jpeg
1600:4788:design.jpeg_40.jpeg,1600:4788.jpeg_37.jpeg
1600:1583:design.jpeg_4.jpeg,1600:1583.jpeg_5.jpeg
1600:4788:design.jpeg_17.jpeg,1600:4788.jpeg_17.jpeg
1600:2233:design.jpeg_28.jpeg,1600:1583.jpeg_25.jpeg
1600:9265:design.jpeg_1.jpeg,1600:4811.jpeg_1.jpeg
1600:2576:design.jpeg_0.jpeg,1600:2233.jpeg_0.jpeg
1600:4811:design.jpeg_31.jpeg,1600:4811.jpeg_32.jpeg
1600:1583:design.jpeg_16.jpeg,1600:2233.jpeg_30.jpeg
1600:4811:design.jpeg_66.jpeg,1600:4788.jpeg_75.jpeg
1600:1956:design.jpeg_34.jpeg,1600:1024.jpeg_8.jpeg
1600:1956:design.jpeg_22.jpeg,1600:1956.jpeg_15.jpeg
1600:2233:design.jpeg_2.jpeg,1600:1956.jpeg_2.jpeg
1600:2233:design.jpeg_3.jpeg,1600:2233.jpeg_3.jpeg
1600:4811:design.jpeg_26.jpeg,1600:4788.jpeg_45.jpeg
1600:1956:design.jpeg_23.jpeg,1600:1956.jpeg_16.jpeg
1600:4811:design.jpeg_71.jpeg,1600:1956.jpeg_29.jpeg
1600:4788:design.jpeg_82.jpeg,1600:4788.jpeg_63.jpeg
1600:2576:design.jpeg_83.jpeg,1600:1956.jpeg_29.jpeg
1600:1956:design.jpeg_35.jpeg,1600:1583.jpeg_28.jpeg
1600:6458:design.jpeg_30.jpeg,1600:1583.jpeg_28.jpeg
1600:1956:design.jpeg_19.jpeg,1600:1956.jpeg_14.jpeg
1600:2576:design.jpeg_1.jpeg,1600:4811.jpeg_1.jpeg
1600:4788:design.jpeg_16.jpeg,1600:4788.jpeg_16.jpeg
1600:4788:design.jpeg_36.jpeg,1600:4788.jpeg_58.jpeg
1600:4788:design.jpeg_61.jpeg,1600:4788.jpeg_58.jpeg
1600:2576:design.jpeg_76.jpeg,1600:2576.jpeg_43.jpeg
1600:4788:design.jpeg_20.jpeg,1600:4788.jpeg_20.jpeg
1600:1956:design.jpeg_7.jpeg,1600:1956.jpeg_7.jpeg
1600:6458:design.jpeg_30.jpeg,1600:1583.jpeg_28.jpeg
1600:1956:design.jpeg_19.jpeg,1600:1956.jpeg_14.jpeg
1600:2576:design.jpeg_1.jpeg,1600:4811.jpeg_1.jpeg
1600:4788:design.jpeg_16.jpeg,1600:4788.jpeg_16.jpeg
1600:4788:design.jpeg_36.jpeg,1600:4788.jpeg_58.jpeg
1600:4788:design.jpeg_61.jpeg,1600:4788.jpeg_58.jpeg
1600:2576:design.jpeg_76.jpeg,1600:2576.jpeg_43.jpeg
1600:4788:design.jpeg_20.jpeg,1600:4788.jpeg_20.jpeg
1600:1956:design.jpeg_7.jpeg,1600:1956.jpeg_7.jpeg
1600:4811:design.jpeg_10.jpeg,1600:4811.jpeg_14.jpeg
1600:2233:design.jpeg_25.jpeg,1600:1024.jpeg_8.jpeg
1600:1024:design.jpeg_7.jpeg,1600:1024.jpeg_5.jpeg
1600:1420:design.jpeg_25.jpeg,1600:1956.jpeg_29.jpeg
1600:6458:design.jpeg_0.jpeg,1600:2233.jpeg_0.jpeg
1600:1583:design.jpeg_21.jpeg,1600:2576.jpeg_52.jpeg
1600:4788:design.jpeg_62.jpeg,1600:4788.jpeg_50.jpeg
1600:6458:design.jpeg_29.jpeg,1600:1024.jpeg_8.jpeg
1600:2576:design.jpeg_75.jpeg,1600:2576.jpeg_42.jpeg
1600:4811:design.jpeg_68.jpeg,1600:2233.jpeg_30.jpeg
1600:1024:design.jpeg_17.jpeg,1600:2576.jpeg_52.jpeg
1600:4788:design.jpeg_23.jpeg,1600:4788.jpeg_14.jpeg
1600:1956:design.jpeg_4.jpeg,1600:1956.jpeg_4.jpeg
1600:4811:design.jpeg_9.jpeg,1600:4811.jpeg_13.jpeg
1600:2233:design.jpeg_26.jpeg,1600:4788.jpeg_75.jpeg
1600:4811:design.jpeg_13.jpeg,1600:4811.jpeg_17.jpeg
1600:1956:design.jpeg_41.jpeg,1600:2576.jpeg_52.jpeg
1600:4788:design.jpeg_19.jpeg,1600:4788.jpeg_58.jpeg
1600:1420:design.jpeg_26.jpeg,1600:2576.jpeg_52.jpeg
1600:6458:design.jpeg_3.jpeg,1600:2233.jpeg_3.jpeg
1600:2233:design.jpeg_0.jpeg,1600:2233.jpeg_0.jpeg
1600:4811:design.jpeg_25.jpeg,1600:4788.jpeg_43.jpeg
1600:4788:design.jpeg_39.jpeg,1600:4788.jpeg_36.jpeg
1600:2576:design.jpeg_79.jpeg,1600:1583.jpeg_25.jpeg
1600:4811:design.jpeg_72.jpeg,1600:2576.jpeg_52.jpeg
1600:4788:design.jpeg_81.jpeg,1600:4788.jpeg_21.jpeg
1600:1956:design.jpeg_36.jpeg,1600:2233.jpeg_30.jpeg
1600:4788:design.jpeg_78.jpeg,1600:4788.jpeg_47.jpeg
1600:2576:design.jpeg_38.jpeg,1600:2576.jpeg_44.jpeg
1600:1583:design.jpeg_14.jpeg,1600:1024.jpeg_8.jpeg
1600:4811:design.jpeg_33.jpeg,1600:4811.jpeg_32.jpeg
1600:1956:design.jpeg_8.jpeg,1600:1956.jpeg_8.jpeg
1600:2576:design.jpeg_2.jpeg,1600:1956.jpeg_2.jpeg
1600:4811:design.jpeg_5.jpeg,1600:4811.jpeg_6.jpeg
1600:1024:design.jpeg_8.jpeg,1600:1024.jpeg_6.jpeg
1600:4788:design.jpeg_15.jpeg,1600:4788.jpeg_15.jpeg
1600:1583:design.jpeg_7.jpeg,1600:1583.jpeg_19.jpeg
1600:4788:design.jpeg_14.jpeg,1600:4788.jpeg_14.jpeg
1600:1024:design.jpeg_9.jpeg,1600:1024.jpeg_7.jpeg
