1600:4811:design.jpeg_1.jpeg,1600:2576.jpeg_1.jpeg
1600:2233:design.jpeg_4.jpeg,1600:2233.jpeg_4.jpeg
1600:1024:design.jpeg_0.jpeg,1600:2233.jpeg_0.jpeg
1600:1956:design.jpeg_0.jpeg,1600:2233.jpeg_0.jpeg
1600:2233:design.jpeg_19.jpeg,1600:2233.jpeg_20.jpeg
1600:1420:design.jpeg_2.jpeg,1600:4788.jpeg_2.jpeg
1600:1956:design.jpeg_29.jpeg,1600:1956.jpeg_22.jpeg
1600:1956:design.jpeg_1.jpeg,1600:2576.jpeg_1.jpeg
1600:1420:design.jpeg_19.jpeg,1600:1024.jpeg_8.jpeg
1600:1024:design.jpeg_12.jpeg,1600:1583.jpeg_25.jpeg
1600:1024:design.jpeg_1.jpeg,1600:2576.jpeg_1.jpeg
1600:1956:design.jpeg_25.jpeg,1600:1956.jpeg_17.jpeg
1600:6458:design.jpeg_36.jpeg,1600:2576.jpeg_52.jpeg
1600:1956:design.jpeg_33.jpeg,1600:1956.jpeg_26.jpeg
1600:1583:design.jpeg_3.jpeg,1600:1583.jpeg_4.jpeg
1600:1583:design.jpeg_8.jpeg,1600:1583.jpeg_6.jpeg
1600:4811:design.jpeg_50.jpeg,1600:4811.jpeg_16.jpeg
1600:6458:design.jpeg_1.jpeg,1600:2576.jpeg_1.jpeg
1600:1583:design.jpeg_20.jpeg,1600:1583.jpeg_24.jpeg
1600:2233:design.jpeg_32.jpeg,1600:2576.jpeg_52.jpeg
1600:4811:design.jpeg_11.jpeg,1600:4811.jpeg_16.jpeg
1600:2233:design.jpeg_24.jpeg,1600:4788.jpeg_66.jpeg
1600:4788:design.jpeg_21.jpeg,1600:4788.jpeg_21.jpeg
1600:1956:design.jpeg_6.jpeg,1600:1956.jpeg_6.jpeg
1600:1956:design.jpeg_38.jpeg,1600:2233.jpeg_32.jpeg
1600:2576:design.jpeg_77.jpeg,1600:1024.jpeg_8.jpeg
1600:9265:design.jpeg_96.jpeg,1600:1583.jpeg_25.jpeg
1600:4788:design.jpeg_37.jpeg,1600:4788.jpeg_21.jpeg
1600:2233:design.jpeg_28.jpeg,1600:1583.jpeg_25.jpeg
1600:9265:design.jpeg_1.jpeg,1600:2576.jpeg_1.jpeg
