768:5566:design.jpeg, 25
1600:1583.jpeg, 32
768:2080:design.jpeg, 24
1600:1956.jpeg, 49
768:3402.jpeg, 64
768:1345:design.jpeg, 45
768:960.jpeg, 7
1600:2233.jpeg, 34
768:960-.jpeg, 19
360:800:design.jpeg, 7
1600:4811.jpeg, 76
360:3819.jpeg, 58
1600:2576.jpeg, 53
768:3755:design.jpeg, 77
1600:1024.jpeg, 17
768:2080.jpeg, 24
360:3819:design.jpeg, 49
360:803:design.jpeg, 18
1600:9265.jpeg, 46
1600:1420:design.jpeg, 28
1600:1956:design.jpeg, 49
360:5797.jpeg, 62
360:4187:design.jpeg, 57
1600:2576:design.jpeg, 65
360:2415.jpeg, 41
768:855.jpeg, 22
768:3402:design.jpeg, 62
360:4187.jpeg, 57
360:803.jpeg, 21
1600:9265:design.jpeg, 126
768:5045:design.jpeg, 69
360:11459:design.jpeg, 27
768:5045.jpeg, 68
768:960:design-.jpeg, 7
360:3051:design.jpeg, 24
360:1328.jpeg, 22
768:1164:design.jpeg, 35
360:800.jpeg, 7
360:5797:design.jpeg, 70
360:3051.jpeg, 25
1600:2233:design.jpeg, 34
360:2047.jpeg, 35
1600:4788.jpeg, 100
1600:1583:design.jpeg, 25
768:3755.jpeg, 75
360:1328:design.jpeg, 16
360:2047:design.jpeg, 37
1600:1024:design.jpeg, 18
1600:4788:design.jpeg, 108
768:1345.jpeg, 53
360:2415:design.jpeg, 44
1600:6458:design.jpeg, 35
768:855:design.jpeg, 15
1600:4811:design.jpeg, 66
768:1164.jpeg, 36
768:960:design.jpeg, 18